order_id,order_date,customer_id,product_id,quantity,amount
5000,2024-01-26,C003,P021,4,653.78
5001,2024-01-10,C009,P016,4,396.50
5002,2024-01-09,C015,P003,1,264.94
5003,2024-01-27,C020,P022,1,249.55
5004,2024-01-20,C009,P021,3,1338.74
5005,2024-01-16,C006,P007,1,171.13
5006,2024-01-07,C056,P009,6,2785.56
5007,2024-01-12,C049,P005,4,867.25
5008,2024-01-17,C047,P010,4,346.34
5009,2024-01-28,C006,P024,5,1830.46
5010,2024-01-13,C058,P024,4,1878.89
5011,2024-01-11,C012,P018,4,1236.20
5012,2024-01-25,C050,P008,6,2651.41
5013,2024-01-16,C011,P010,6,1860.73
5014,2024-01-28,C004,P012,6,707.77
5015,2024-01-25,C031,P022,3,1487.21
5016,2024-01-18,C032,P009,5,2187.88
5017,2024-01-16,C020,P020,8,3531.12
5018,2024-01-04,C039,P020,1,121.48
5019,2024-01-08,C001,P009,1,409.40
5020,2024-01-09,C003,P010,6,990.69
5021,2024-01-15,C045,P022,8,2131.72
5022,2024-01-18,C019,P002,7,1617.96
5023,2024-01-10,C035,P011,3,1092.00
5024,2024-01-19,C049,P015,8,3495.13
5025,2024-01-27,C017,P001,4,1255.19
5026,2024-01-23,C029,P023,4,552.82
5027,2024-01-06,C060,P022,6,1528.99
5028,2024-01-16,C047,P006,2,277.97
5029,2024-01-21,C036,P019,3,205.01
5030,2024-01-27,C052,P016,8,3200.89
5031,2024-01-05,C051,P003,4,1393.14
5032,2024-01-19,C034,P003,8,337.54
5033,2024-01-04,C047,P005,6,1664.56
5034,2024-01-22,C058,P005,5,1014.93
5035,2024-01-06,C059,P016,7,731.65
5036,2024-01-19,C046,P021,1,467.39
5037,2024-01-15,C034,P016,8,593.48
5038,2024-01-11,C032,P017,6,1293.75
5039,2024-01-25,C024,P005,6,1187.15
5040,2024-01-07,C001,P024,6,1878.28
5041,2024-01-25,C028,P006,5,1545.04
5042,2024-01-26,C051,P021,1,514.82
5043,2024-01-16,C037,P020,5,1586.93
5044,2024-01-15,C057,P015,7,599.81
5045,2024-01-28,C059,P016,6,643.93
5046,2024-01-20,C005,P018,2,211.32
5047,2024-01-23,C047,P011,1,497.63
5048,2024-01-26,C041,P016,2,71.14
5049,2024-01-23,C999,P024,1,523.33
5050,2024-01-16,C029,P003,8,707.56
5051,2024-01-26,C005,P021,2,623.55
5052,2024-01-19,C040,P012,3,407.52
5053,2024-01-07,C029,P001,6,3081.04
5054,2024-01-20,C007,P023,7,1076.67
5055,2024-01-22,C030,P013,2,367.72
5056,2024-01-24,C005,P011,1,294.17
5057,2024-01-19,C015,P012,6,1961.45
5058,2024-01-08,C007,P009,1,472.01
5059,2024-01-25,C047,P020,8,4061.22
5060,2024-01-23,C036,P019,6,2858.18
5061,2024-01-20,C053,P010,3,193.58
5062,2024-01-03,C043,P019,8,4182.56
5063,2024-01-21,C003,P010,1,51.39
5064,2024-01-11,C013,P009,6,610.05
5065,2024-01-12,C010,P020,1,414.72
5066,2024-01-11,C015,P022,8,831.85
5067,2024-01-26,C005,P018,6,1401.23
5068,2024-01-03,C007,P023,5,342.78
5069,2024-01-05,C011,P010,5,257.24
5070,2024-01-19,C009,P019,4,523.72
5071,2024-01-22,C010,P006,4,936.38
5072,2024-01-12,C039,P011,8,1886.12
5073,2024-01-25,C043,P018,4,366.92
5074,2024-01-08,C045,P001,8,489.69
5075,2024-01-21,C025,P023,7,1381.16
5076,2024-01-12,C008,P014,7,2530.27
5077,2024-01-08,C059,P003,7,3500.59
5078,2024-01-06,C008,P022,7,2976.62
5079,2024-01-25,C038,P017,4,1736.20
5080,2024-01-12,C038,P019,1,409.55
5081,2024-01-08,C016,P024,7,1140.40
5082,2024-02-03,C048,P012,8,2161.24
5083,2024-02-19,C001,P013,6,706.62
5084,2024-02-12,C023,P008,7,2206.29
5085,2024-02-07,C028,P022,4,2065.39
5086,2024-02-22,C012,P005,3,841.79
5087,2024-02-09,C017,P015,1,334.23
5088,2024-02-05,C060,P002,1,520.95
5089,2024-02-13,C002,P024,7,579.58
5090,2024-02-07,C051,P012,6,2180.74
5091,2024-02-06,C037,P019,3,581.04
5092,2024-02-24,C054,P021,5,224.19
5093,2024-02-13,C024,P013,4,509.68
5094,2024-02-05,C026,P024,6,3005.39
5095,2024-02-25,C031,P007,1,55.03
5096,2024-02-05,C042,P011,8,1380.54
5097,2024-02-11,C040,P006,1,37.95
5098,2024-02-02,C006,P013,7,1056.95
5099,2024-02-07,C016,P017,5,2598.62
5100,2024-02-04,C012,P021,4,1861.02
5101,2024-02-16,C011,P009,2,296.45
5102,2024-02-01,C009,P008,5,2522.15
5103,2024-02-04,C010,P003,1,472.93
5104,2024-02-02,C053,P009,1,71.28
5105,2024-02-16,C007,P007,5,2145.79
5106,2024-02-18,C057,P005,4,1201.23
5107,2024-02-27,C011,P001,3,899.17
5108,2024-02-13,C016,P018,7,514.18
5109,2024-02-20,C023,P019,3,154.10
5110,2024-02-02,C021,P003,1,260.39
5111,2024-02-27,C055,P017,8,1927.24
5112,2024-02-17,C012,P020,3,116.43
5113,2024-02-24,C043,P022,3,972.38
5114,2024-02-13,C044,P014,2,138.56
5115,2024-02-14,C046,P018,5,1983.67
5116,2024-02-25,C045,P013,6,3065.14
5117,2024-02-11,C039,P002,3,1075.73
5118,2024-02-17,C006,P012,3,803.72
5119,2024-02-21,C059,P012,6,3222.96
5120,2024-02-16,C014,P016,8,3907.24
5121,2024-02-22,C013,P013,6,890.33
5122,2024-02-12,C029,P014,6,1915.06
5123,2024-02-19,C015,P021,7,653.80
5124,2024-02-14,C044,P023,8,511.14
5125,2024-02-22,C019,P018,8,3401.60
5126,2024-02-23,C044,P009,1,211.86
5127,2024-02-03,C017,P010,7,2492.26
5128,2024-02-20,C006,P007,8,1908.79
5129,2024-02-11,C009,P024,8,372.05
5130,2024-02-18,C057,P024,2,718.59
5131,2024-02-07,C054,P009,7,2696.46
5132,2024-02-16,C046,P010,7,2109.52
5133,2024-02-28,C029,P013,6,2165.84
5134,2024-02-24,C024,P023,6,275.42
5135,2024-02-11,C003,P011,1,191.73
5136,2024-02-06,C060,P018,6,1828.65
5137,2024-02-19,C021,P001,2,701.92
5138,2024-02-16,C004,P001,7,1042.96
5139,2024-02-09,C016,P008,2,294.83
5140,2024-02-15,C046,P004,2,478.06
5141,2024-02-20,C009,P006,3,864.83
5142,2024-02-12,C027,P005,8,1322.24
5143,2024-02-06,C052,P014,4,1943.09
5144,2024-02-03,C057,P020,3,800.92
5145,2024-02-17,C034,P022,4,520.92
5146,2024-02-02,C007,P002,7,3159.01
5147,2024-02-02,C030,P015,6,1338.96
5148,2024-02-10,C028,P016,5,2017.35
5149,2024-02-11,C015,P019,2,477.73
5150,2024-02-21,C002,P019,3,529.43
5151,2024-02-28,C046,P015,4,1780.22
5152,2024-02-12,C052,P016,7,1664.51
5153,2024-02-23,C032,P012,5,1742.71
5154,2024-02-11,C056,P014,8,2612.56
5155,2024-02-03,C042,P015,6,983.68
5156,2024-02-07,C033,P003,2,126.45
5157,2024-02-05,C023,P001,4,2131.79
5158,2024-02-10,C031,P014,4,261.45
5159,2024-02-06,C026,P016,5,262.93
5160,2024-02-12,C008,P021,6,1414.21
5161,2024-02-03,C035,P002,7,511.16
5162,2024-02-16,C012,P014,6,245.53
5163,2024-02-02,C026,P013,6,2543.59
5164,2024-03-03,C014,P020,3,1428.61
5165,2024-03-21,C057,P014,3,1354.18
5166,2024-03-18,C031,P014,1,70.84
5167,2024-03-02,C013,P009,4,571.03
5168,2024-03-23,C013,P008,4,1644.06
5169,2024-03-01,C027,P010,8,2894.44
5170,2024-03-15,C018,P018,7,2307.01
5171,2024-03-25,C040,P010,1,453.59
5172,2024-03-28,C057,P024,3,223.09
5173,2024-03-04,C046,P021,1,77.34
5174,2024-03-22,C008,P017,2,656.77
5175,2024-03-07,C059,P008,7,3451.59
5176,2024-03-12,C016,P022,3,287.93
5177,2024-03-13,C005,P006,2,1090.54
5178,2024-03-13,C020,P009,3,1410.10
5179,2024-03-10,C010,P009,3,509.00
5180,2024-03-25,C009,P024,4,1430.21
5181,2024-03-11,C039,P022,5,2650.99
5182,2024-03-10,C007,P004,6,3057.09
5183,2024-03-03,C999,P012,8,3943.44
5184,2024-03-25,C036,P015,2,852.95
5185,2024-03-15,C060,P009,4,225.08
5186,2024-03-02,C054,P008,3,371.32
5187,2024-03-09,C053,P007,7,2591.55
5188,2024-03-05,C039,P022,7,873.67
5189,2024-03-19,C034,P014,6,420.89
5190,2024-03-17,C005,P021,2,177.01
5191,2024-03-20,C044,P001,7,1931.76
5192,2024-03-14,C033,P008,5,1794.93
5193,2024-03-15,C058,P017,4,414.96
5194,2024-03-10,C001,P023,2,773.42
5195,2024-03-18,C010,P013,5,2130.78
5196,2024-03-28,C026,P011,3,1442.64
5197,2024-03-08,C017,P016,2,170.68
5198,2024-03-20,C008,P012,7,1242.12
5199,2024-03-15,C058,P017,5,2517.26
5200,2024-03-19,C046,P020,8,802.81
5201,2024-03-15,C036,P024,3,662.25
5202,2024-03-16,C030,P021,1,130.04
5203,2024-03-14,C017,P019,3,752.97
5204,2024-03-21,C021,P017,5,732.78
5205,2024-03-26,C040,P018,4,318.94
5206,2024-03-14,C010,P004,4,435.83
5207,2024-03-23,C050,P020,1,221.16
5208,2024-03-10,C023,P012,6,1618.48
5209,2024-03-14,C004,P024,4,671.67
5210,2024-03-01,C040,P003,6,1926.12
5211,2024-03-15,C045,P005,8,640.00
5212,2024-03-25,C008,P009,2,474.34
5213,2024-03-05,C022,P021,4,1733.20
5214,2024-03-14,C051,P011,5,751.75
5215,2024-03-25,C003,P011,4,280.28
5216,2024-03-20,C017,P005,3,229.65
5217,2024-03-11,C010,P014,2,923.87
5218,2024-03-23,C009,P002,4,305.36
5219,2024-03-10,C060,P006,5,2068.03
5220,2024-03-21,C046,P023,1,58.88
5221,2024-03-05,C004,P008,2,230.71
5222,2024-03-10,C053,P004,6,968.76
5223,2024-03-15,C019,P005,6,1483.60
5224,2024-03-19,C043,P003,2,683.58
5225,2024-03-23,C023,P021,7,556.65
5226,2024-03-26,C043,P008,6,2777.89
5227,2024-03-12,C032,P011,7,2303.59
5228,2024-03-22,C033,P023,1,395.28
5229,2024-03-04,C043,P006,1,479.20
5230,2024-03-10,C053,P003,6,1862.46
5231,2024-03-16,C046,P018,8,2382.35
5232,2024-03-09,C056,P011,3,135.38
5233,2024-03-23,C037,P020,5,1616.49
5234,2024-03-21,C023,P014,8,2867.62
5235,2024-03-23,C037,P014,6,656.16
5236,2024-04-17,C043,P019,4,2204.91
5237,2024-04-17,C041,P012,5,288.20
5238,2024-04-13,C005,P022,3,404.84
5239,2024-04-25,C054,P017,6,2978.28
5240,2024-04-13,C055,P009,4,1798.41
5241,2024-04-15,C042,P015,5,1619.71
5242,2024-04-16,C015,P021,1,371.80
5243,2024-04-23,C049,P015,6,2666.05
5244,2024-04-08,C041,P010,3,1042.52
5245,2024-04-11,C013,P006,5,609.19
5246,2024-04-22,C056,P001,3,1166.51
5247,2024-04-20,C028,P016,3,179.84
5248,2024-04-03,C018,P013,2,560.93
5249,2024-04-05,C054,P007,3,523.65
5250,2024-04-20,C025,P009,7,1235.66
5251,2024-04-04,C023,P006,8,1138.96
5252,2024-04-10,C016,P014,2,287.00
5253,2024-04-06,C020,P012,4,257.41
5254,2024-04-24,C046,P019,6,1423.72
5255,2024-04-17,C013,P009,1,184.65
5256,2024-04-01,C036,P023,7,3512.17
5257,2024-04-05,C041,P017,1,540.55
5258,2024-04-11,C050,P020,6,2703.41
5259,2024-04-19,C030,P019,4,151.26
5260,2024-04-27,C003,P014,3,1334.03
5261,2024-04-04,C031,P019,6,2938.15
5262,2024-04-01,C001,P006,6,621.08
5263,2024-04-27,C050,P004,2,226.46
5264,2024-04-25,C007,P013,4,1650.05
5265,2024-04-27,C031,P016,2,745.40
5266,2024-04-07,C031,P013,5,2424.24
5267,2024-04-27,C044,P013,7,1366.47
5268,2024-04-15,C035,P014,7,3721.88
5269,2024-04-25,C052,P020,4,192.14
5270,2024-04-15,C051,P014,6,1306.90
5271,2024-04-02,C010,P007,7,630.44
5272,2024-04-23,C035,P023,6,1062.59
5273,2024-04-15,C016,P010,7,2285.04
5274,2024-04-28,C052,P019,2,901.17
5275,2024-04-16,C046,P021,3,900.51
5276,2024-04-11,C016,P007,7,946.04
5277,2024-04-27,C060,P002,3,636.41
5278,2024-04-26,C032,P008,8,2391.34
5279,2024-04-10,C041,P022,2,850.38
5280,2024-04-06,C034,P009,5,455.71
5281,2024-04-18,C012,P009,8,1528.52
5282,2024-04-05,C060,P009,8,3567.64
5283,2024-04-22,C049,P023,1,91.28
5284,2024-04-26,C019,P014,1,338.82
5285,2024-04-17,C015,P023,4,1047.79
5286,2024-04-13,C053,P011,3,118.99
5287,2024-04-13,C038,P003,5,2475.12
5288,2024-04-15,C044,P015,6,1226.09
5289,2024-04-14,C002,P005,1,403.14
5290,2024-04-10,C004,P010,7,3145.06
5291,2024-04-21,C049,P010,6,996.04
5292,2024-04-10,C006,P024,5,1680.24
5293,2024-04-16,C010,P009,8,3650.76
5294,2024-04-09,C049,P024,4,1294.16
5295,2024-04-08,C027,P003,2,828.53
5296,2024-04-01,C009,P006,2,825.17
5297,2024-04-01,C053,P013,3,767.45
5298,2024-04-28,C060,P014,7,3184.69
5299,2024-04-24,C058,P013,6,3240.34
5300,2024-04-23,C010,P015,5,1335.67
5301,2024-04-08,C999,P013,2,638.05
5302,2024-04-18,C024,P007,7,512.77
5303,2024-04-15,C046,P013,8,3894.02
5304,2024-04-27,C011,P010,2,118.17
5305,2024-04-17,C056,P006,8,3957.09
5306,2024-04-21,C038,P002,2,124.15
5307,2024-04-20,C004,P016,2,773.37
5308,2024-04-11,C018,P023,5,2692.29
5309,2024-04-19,C058,P020,3,898.75
5310,2024-04-21,C010,P003,8,1665.48
5311,2024-04-19,C007,P010,5,2664.49
5312,2024-04-05,C008,P007,7,3530.78
5313,2024-04-13,C027,P022,1,463.26
5314,2024-04-21,C020,P017,1,61.42
5315,2024-04-02,C025,P020,6,2895.83
5316,2024-04-09,C050,P003,8,1909.43
5317,2024-04-06,C049,P015,1,507.04
5318,2024-04-28,C044,P012,6,1185.01
5319,2024-04-16,C013,P017,5,808.58
5320,2024-04-27,C005,P019,2,152.17
5321,2024-04-09,C049,P002,3,1551.15
5322,2024-04-23,C013,P006,5,1520.59
5323,2024-04-02,C029,P024,5,1289.58
5324,2024-04-06,C048,P014,1,188.05
5325,2024-04-08,C017,P017,3,1001.17
5326,2024-04-25,C017,P009,7,3430.96
5327,2024-04-17,C044,P017,5,2058.30
5328,2024-04-17,C040,P012,6,696.13
5329,2024-04-07,C040,P001,3,1050.74
5330,2024-04-12,C027,P006,7,695.62
5331,2024-04-25,C039,P011,8,447.32
5332,2024-04-19,C037,P012,3,908.19
5333,2024-04-28,C058,P009,2,1004.19
5334,2024-05-05,C014,P016,6,1774.42
5335,2024-05-23,C033,P008,6,3208.28
5336,2024-05-02,C016,P015,4,1098.44
5337,2024-05-04,C046,P005,8,2071.18
5338,2024-05-05,C003,P003,3,1374.81
5339,2024-05-01,C012,P002,4,1088.03
5340,2024-05-27,C032,P005,3,1562.09
5341,2024-05-11,C013,P005,2,932.08
5342,2024-05-03,C020,P009,5,1815.91
5343,2024-05-20,C019,P017,1,253.45
5344,2024-05-15,C051,P023,8,454.83
5345,2024-05-03,C012,P013,8,3498.72
5346,2024-05-12,C035,P004,8,4217.72
5347,2024-05-09,C042,P006,5,290.06
5348,2024-05-04,C021,P010,7,1593.08
5349,2024-05-10,C023,P015,8,3024.07
5350,2024-05-12,C042,P021,3,304.18
5351,2024-05-18,C999,P023,3,221.16
5352,2024-05-18,C032,P007,8,889.72
5353,2024-05-10,C039,P002,7,2965.82
5354,2024-05-17,C011,P018,6,2762.16
5355,2024-05-16,C007,P020,5,447.02
5356,2024-05-15,C049,P019,6,1428.46
5357,2024-05-15,C025,P006,4,163.17
5358,2024-05-11,C052,P002,7,2071.81
5359,2024-05-19,C014,P018,2,277.93
5360,2024-05-27,C049,P010,3,292.10
5361,2024-05-06,C025,P002,4,240.28
5362,2024-05-22,C026,P022,1,211.01
5363,2024-05-06,C033,P012,1,302.57
5364,2024-05-04,C008,P010,7,2331.30
5365,2024-05-19,C055,P004,2,303.74
5366,2024-05-14,C055,P018,5,1853.67
5367,2024-05-18,C013,P002,2,687.94
5368,2024-05-06,C043,P016,3,384.38
5369,2024-05-07,C029,P008,1,171.15
5370,2024-05-28,C001,P005,3,1162.58
5371,2024-05-12,C999,P022,2,912.95
5372,2024-05-13,C055,P008,5,2776.28
5373,2024-05-26,C060,P005,6,851.89
5374,2024-05-05,C037,P009,8,2513.17
5375,2024-05-21,C020,P019,1,52.08
5376,2024-05-13,C057,P007,7,317.39
5377,2024-05-18,C050,P020,1,283.73
5378,2024-05-26,C002,P004,8,1560.60
5379,2024-05-19,C025,P006,4,1207.22
5380,2024-05-28,C055,P021,6,1134.26
5381,2024-05-04,C003,P004,5,572.86
5382,2024-05-11,C036,P020,7,3743.93
5383,2024-05-19,C002,P010,6,2703.10
5384,2024-05-18,C036,P002,6,1922.72
5385,2024-05-17,C020,P020,5,1847.27
5386,2024-05-22,C038,P006,3,1142.38
5387,2024-05-03,C031,P017,7,2673.98
5388,2024-05-26,C056,P002,1,375.80
5389,2024-05-08,C019,P017,3,1224.45
5390,2024-05-23,C037,P023,8,2300.07
5391,2024-05-24,C035,P014,5,1027.72
5392,2024-05-01,C011,P017,2,452.16
5393,2024-05-01,C005,P018,4,1002.60
5394,2024-05-28,C011,P017,2,143.60
5395,2024-05-06,C017,P001,6,2833.93
5396,2024-05-27,C014,P006,4,1102.83
5397,2024-05-08,C005,P024,2,930.52
5398,2024-05-24,C039,P015,7,2629.35
5399,2024-05-24,C002,P005,4,1655.51
5400,2024-05-19,C999,P017,5,1714.62
5401,2024-05-25,C056,P022,1,466.69
5402,2024-05-23,C057,P001,2,1115.08
5403,2024-05-16,C015,P012,4,1808.24
5404,2024-05-01,C019,P005,8,2394.40
5405,2024-05-14,C019,P006,1,162.66
5406,2024-05-01,C016,P010,2,1022.48
5407,2024-05-02,C042,P001,4,1574.81
5408,2024-05-16,C022,P018,8,555.44
5409,2024-05-07,C010,P007,5,993.80
5410,2024-05-19,C021,P007,4,1947.98
5411,2024-05-20,C030,P002,2,310.08
5412,2024-05-06,C007,P012,2,911.16
5413,2024-05-14,C060,P009,8,3826.81
5414,2024-05-21,C008,P014,6,1941.63
5415,2024-05-06,C022,P022,6,224.24
5416,2024-05-07,C043,P002,4,1917.82
5417,2024-05-12,C029,P018,2,849.51
5418,2024-05-16,C016,P015,3,454.30
5419,2024-05-04,C034,P017,8,4491.40
5420,2024-05-27,C009,P016,4,497.65
5421,2024-05-11,C038,P005,8,288.17
5422,2024-05-19,C045,P022,7,3448.18
5423,2024-05-21,C009,P020,2,918.19
5424,2024-05-18,C009,P022,5,808.29
5425,2024-05-13,C004,P021,1,518.64
5426,2024-05-21,C999,P017,3,826.82
5427,2024-05-01,C042,P008,7,2381.74
5428,2024-05-25,C026,P002,8,941.88
5429,2024-05-19,C027,P002,2,512.07
5430,2024-05-19,C025,P024,6,1906.61
5431,2024-05-05,C023,P013,1,513.60
5432,2024-05-27,C020,P008,8,2618.27
5433,2024-05-20,C012,P010,4,223.66
5434,2024-05-12,C009,P022,6,214.24
5435,2024-05-20,C060,P013,3,408.64
5436,2024-05-03,C048,P002,1,300.56
5437,2024-05-06,C031,P007,5,1072.69
5438,2024-06-13,C039,P023,3,728.34
5439,2024-06-21,C040,P021,1,320.52
5440,2024-06-17,C008,P005,2,648.62
5441,2024-06-09,C001,P007,3,98.12
5442,2024-06-14,C048,P021,4,805.02
5443,2024-06-01,C043,P012,1,268.45
5444,2024-06-23,C032,P003,5,1253.87
5445,2024-06-27,C015,P010,7,2440.71
5446,2024-06-09,C044,P017,4,1664.39
5447,2024-06-12,C052,P020,2,100.31
5448,2024-06-01,C026,P004,8,1431.80
5449,2024-06-10,C011,P023,3,1481.98
5450,2024-06-22,C003,P018,7,3076.65
5451,2024-06-06,C054,P005,7,913.25
5452,2024-06-13,C002,P004,1,356.65
5453,2024-06-20,C006,P020,5,2761.04
5454,2024-06-16,C029,P001,5,757.95
5455,2024-06-14,C029,P002,5,701.18
5456,2024-06-23,C053,P010,2,260.83
5457,2024-06-09,C027,P003,4,1631.21
5458,2024-06-10,C050,P014,2,658.42
5459,2024-06-26,C017,P009,4,1922.23
5460,2024-06-18,C055,P018,6,527.32
5461,2024-06-22,C014,P012,5,822.73
5462,2024-06-28,C006,P008,1,434.11
5463,2024-06-21,C057,P008,5,1015.57
5464,2024-06-03,C003,P009,8,1472.76
5465,2024-06-28,C038,P005,3,729.65
5466,2024-06-04,C011,P023,6,1268.13
5467,2024-06-25,C034,P002,1,315.25
5468,2024-06-18,C024,P019,4,1060.85
5469,2024-06-09,C050,P003,3,1643.37
5470,2024-06-17,C003,P021,5,2271.27
5471,2024-06-03,C012,P009,4,1069.88
5472,2024-06-16,C039,P008,7,1877.03
5473,2024-06-23,C058,P006,5,1980.04
5474,2024-06-15,C035,P002,4,910.11
5475,2024-06-26,C035,P019,7,1851.11
5476,2024-06-22,C044,P022,3,140.88
5477,2024-06-03,C039,P001,4,1248.48
5478,2024-06-13,C056,P013,3,494.35
5479,2024-06-22,C052,P015,6,1520.49
5480,2024-06-05,C050,P017,6,1166.32
5481,2024-06-18,C013,P015,5,395.53
5482,2024-06-02,C030,P010,5,2708.10
5483,2024-06-01,C028,P013,2,651.30
5484,2024-06-24,C057,P010,8,4375.58
5485,2024-06-11,C049,P015,1,152.65
5486,2024-06-21,C060,P011,5,405.06
5487,2024-06-15,C015,P014,1,455.15
5488,2024-06-02,C035,P023,5,836.37
5489,2024-06-04,C028,P021,6,3225.81
5490,2024-06-06,C056,P004,6,2682.13
5491,2024-06-05,C035,P022,4,1572.43
5492,2024-06-12,C047,P006,6,1355.02
5493,2024-06-02,C043,P017,3,1389.05
5494,2024-06-19,C032,P001,3,1230.56
5495,2024-06-05,C053,P008,1,436.99
5496,2024-06-03,C006,P008,4,1446.43
5497,2024-06-26,C001,P021,2,1052.98
5498,2024-06-18,C026,P007,6,2911.70
5499,2024-06-14,C001,P023,5,2463.89
5500,2024-06-02,C020,P008,7,358.16
5501,2024-06-12,C055,P001,7,1721.96
5502,2024-06-03,C057,P018,6,347.30
5503,2024-06-13,C024,P006,3,451.64
5504,2024-06-03,C049,P002,7,3733.95
5505,2024-06-10,C024,P016,3,797.11
5506,2024-06-26,C009,P015,6,1783.58
5507,2024-06-19,C041,P015,7,419.03
5508,2024-06-24,C040,P022,7,1357.92
5509,2024-06-16,C002,P011,8,2208.79
5510,2024-06-17,C023,P017,6,612.73
5511,2024-06-21,C056,P008,2,741.42
5512,2024-06-23,C060,P004,8,531.70
5513,2024-06-10,C027,P006,5,2519.33
5514,2024-06-19,C999,P007,1,536.16
5515,2024-06-04,C051,P009,2,334.90
5516,2024-06-05,C044,P015,6,3094.63
5517,2024-06-03,C019,P001,4,346.18
5518,2024-06-13,C050,P017,5,1430.98
5519,2024-06-28,C053,P008,7,3848.34
5520,2024-06-01,C052,P005,2,447.66
5521,2024-07-28,C047,P007,1,141.30
5522,2024-07-15,C019,P010,1,562.80
5523,2024-07-27,C023,P013,1,202.71
5524,2024-07-15,C027,P008,5,693.98
5525,2024-07-08,C003,P006,4,2075.09
5526,2024-07-10,C007,P024,4,1731.01
5527,2024-07-03,C040,P008,5,214.56
5528,2024-07-02,C035,P010,6,2809.26
5529,2024-07-27,C016,P009,8,3919.32
5530,2024-07-04,C013,P021,2,254.57
5531,2024-07-23,C025,P013,8,3398.82
5532,2024-07-02,C023,P019,5,1683.26
5533,2024-07-27,C035,P014,4,1478.11
5534,2024-07-27,C046,P014,6,2893.76
5535,2024-07-09,C026,P024,4,330.07
5536,2024-07-26,C012,P013,8,4220.25
5537,2024-07-22,C051,P001,6,1553.88
5538,2024-07-17,C055,P002,1,546.19
5539,2024-07-15,C054,P001,8,1414.91
5540,2024-07-18,C010,P023,6,366.36
5541,2024-07-22,C050,P016,5,2459.00
5542,2024-07-21,C031,P013,1,338.37
5543,2024-07-02,C042,P008,7,906.41
5544,2024-07-06,C008,P009,4,729.59
5545,2024-07-17,C045,P019,5,1239.07
5546,2024-07-03,C058,P009,6,2352.69
5547,2024-07-04,C030,P021,1,238.49
5548,2024-07-09,C007,P018,6,2931.82
5549,2024-07-19,C001,P007,4,625.97
5550,2024-07-02,C041,P012,8,332.26
5551,2024-07-07,C035,P014,5,2385.47
5552,2024-07-08,C017,P003,6,574.93
5553,2024-07-09,C043,P011,2,827.97
5554,2024-07-15,C016,P010,8,2972.20
5555,2024-07-06,C008,P012,3,1086.54
5556,2024-07-15,C045,P019,7,372.74
5557,2024-07-16,C014,P024,1,308.35
5558,2024-07-21,C032,P016,3,941.41
5559,2024-07-20,C027,P019,5,614.85
5560,2024-07-10,C047,P006,1,291.21
5561,2024-07-12,C003,P013,8,4104.14
5562,2024-07-15,C009,P001,6,3149.42
5563,2024-07-09,C037,P001,8,646.73
5564,2024-07-19,C060,P022,6,1425.46
5565,2024-07-27,C051,P007,1,501.30
5566,2024-07-03,C007,P006,7,3102.60
5567,2024-07-10,C012,P011,7,2901.94
5568,2024-07-22,C018,P012,8,309.09
5569,2024-07-17,C036,P007,3,1509.26
5570,2024-07-14,C016,P018,6,1246.38
5571,2024-07-11,C006,P011,1,315.88
5572,2024-07-06,C016,P002,4,2286.43
5573,2024-07-19,C041,P011,2,97.26
5574,2024-07-15,C020,P019,5,2158.95
5575,2024-07-24,C048,P015,6,674.68
5576,2024-07-13,C010,P022,4,1612.72
5577,2024-07-26,C027,P001,3,146.35
5578,2024-07-05,C059,P013,8,915.78
5579,2024-07-07,C030,P012,7,3393.84
5580,2024-07-10,C999,P019,3,1313.24
5581,2024-07-23,C011,P005,5,2868.73
5582,2024-07-01,C052,P022,8,1991.61
5583,2024-07-18,C045,P024,3,1464.19
5584,2024-07-15,C048,P002,3,301.35
5585,2024-07-11,C013,P007,7,322.46
5586,2024-07-15,C001,P023,5,361.85
5587,2024-07-04,C013,P007,4,1946.73
5588,2024-07-24,C055,P002,2,762.11
5589,2024-07-11,C028,P017,6,3218.34
5590,2024-07-18,C020,P006,5,2083.79
5591,2024-07-17,C045,P021,2,232.83
5592,2024-07-18,C054,P022,5,1230.70
5593,2024-08-03,C009,P016,2,628.15
5594,2024-08-06,C045,P016,8,4514.16
5595,2024-08-17,C009,P003,8,1000.95
5596,2024-08-26,C003,P015,2,1103.33
5597,2024-08-13,C015,P010,6,2119.12
5598,2024-08-19,C005,P012,8,4057.39
5599,2024-08-27,C021,P019,6,2968.09
5600,2024-08-15,C021,P020,7,2715.21
5601,2024-08-07,C037,P021,7,1583.72
5602,2024-08-20,C999,P016,8,3915.56
5603,2024-08-28,C003,P007,6,3224.18
5604,2024-08-27,C014,P016,2,1078.59
5605,2024-08-02,C001,P002,1,431.38
5606,2024-08-23,C015,P003,5,1420.47
5607,2024-08-05,C012,P001,4,879.44
5608,2024-08-09,C056,P007,5,2894.15
5609,2024-08-02,C034,P007,3,356.43
5610,2024-08-28,C057,P010,5,2508.79
5611,2024-08-05,C017,P021,4,837.15
5612,2024-08-20,C040,P022,7,853.80
5613,2024-08-02,C999,P015,2,502.28
5614,2024-08-05,C015,P018,2,1012.16
5615,2024-08-08,C060,P009,8,3642.34
5616,2024-08-25,C018,P010,8,2529.19
5617,2024-08-04,C010,P004,6,2649.71
5618,2024-08-16,C027,P023,4,1856.80
5619,2024-08-04,C015,P021,6,3499.21
5620,2024-08-02,C040,P007,3,1001.15
5621,2024-08-13,C004,P011,3,998.85
5622,2024-08-28,C018,P007,7,4009.76
5623,2024-08-23,C020,P002,1,546.30
5624,2024-08-19,C016,P016,1,229.47
5625,2024-08-21,C019,P019,7,1617.60
5626,2024-08-12,C038,P007,3,383.25
5627,2024-08-10,C055,P020,2,922.61
5628,2024-08-18,C028,P023,3,564.24
5629,2024-08-20,C030,P012,5,1047.87
5630,2024-08-10,C028,P024,1,410.97
5631,2024-08-05,C049,P001,2,739.94
5632,2024-08-05,C057,P023,2,958.54
5633,2024-08-28,C008,P003,7,2129.19
5634,2024-08-20,C030,P008,5,1370.63
5635,2024-08-19,C003,P004,8,2208.62
5636,2024-08-25,C006,P009,3,1006.20
5637,2024-08-15,C055,P010,1,284.29
5638,2024-08-13,C031,P013,5,181.83
5639,2024-08-24,C058,P008,5,288.97
5640,2024-08-28,C004,P008,7,1242.25
5641,2024-08-21,C015,P006,2,830.35
5642,2024-08-10,C058,P010,3,1010.08
5643,2024-08-06,C045,P001,3,1412.45
5644,2024-08-25,C007,P017,2,253.84
5645,2024-08-07,C031,P009,4,1782.87
5646,2024-08-28,C058,P006,2,474.70
5647,2024-08-20,C058,P013,2,361.11
5648,2024-08-02,C030,P001,3,1729.03
5649,2024-08-04,C044,P016,5,423.82
5650,2024-08-16,C047,P003,5,472.21
5651,2024-08-06,C038,P001,1,395.51
5652,2024-08-02,C051,P005,1,559.15
5653,2024-08-12,C034,P012,1,229.44
5654,2024-08-24,C058,P002,7,1555.58
5655,2024-08-11,C044,P004,6,1705.45
5656,2024-08-26,C055,P022,3,666.68
5657,2024-08-17,C007,P020,8,2943.24
5658,2024-08-20,C015,P019,7,3360.57
5659,2024-08-07,C020,P024,4,502.06
5660,2024-08-11,C030,P012,4,1448.07
5661,2024-08-13,C046,P008,5,2793.07
5662,2024-08-11,C014,P002,6,2190.19
5663,2024-08-21,C043,P001,3,409.54
5664,2024-08-17,C044,P014,8,735.03
5665,2024-08-07,C002,P021,8,1603.81
5666,2024-08-07,C033,P019,4,1362.13
5667,2024-08-25,C027,P001,3,648.83
5668,2024-08-15,C005,P007,5,2612.64
5669,2024-08-18,C012,P001,4,535.53
5670,2024-08-11,C999,P011,3,233.40
5671,2024-08-06,C026,P009,7,475.60
5672,2024-08-17,C050,P002,2,697.40
5673,2024-08-07,C042,P008,7,1411.22
5674,2024-08-13,C016,P012,2,1093.95
5675,2024-08-24,C046,P013,8,2620.61
5676,2024-08-10,C010,P024,8,575.17
5677,2024-08-12,C052,P023,8,4095.75
5678,2024-08-11,C027,P007,3,1680.39
5679,2024-08-06,C027,P023,8,1704.29
5680,2024-08-20,C021,P022,7,1736.11
5681,2024-08-27,C018,P012,7,2084.27
5682,2024-08-13,C007,P023,2,670.30
5683,2024-08-26,C035,P006,1,85.92
5684,2024-08-06,C049,P007,3,1703.62
5685,2024-08-22,C042,P016,8,2515.77
5686,2024-08-08,C034,P002,3,1280.41
5687,2024-08-20,C025,P016,2,672.63
5688,2024-09-22,C025,P016,4,377.91
5689,2024-09-01,C053,P006,4,1891.59
5690,2024-09-23,C033,P022,6,966.16
5691,2024-09-23,C032,P004,6,3368.47
5692,2024-09-07,C011,P023,6,3307.77
5693,2024-09-12,C033,P017,2,527.16
5694,2024-09-22,C029,P009,6,3375.97
5695,2024-09-25,C024,P008,1,452.81
5696,2024-09-18,C028,P014,3,1737.90
5697,2024-09-28,C049,P024,7,1482.55
5698,2024-09-14,C023,P005,1,531.27
5699,2024-09-22,C014,P012,2,471.31
5700,2024-09-22,C045,P013,8,3234.29
5701,2024-09-12,C013,P007,3,1421.78
5702,2024-09-06,C021,P009,8,882.94
5703,2024-09-25,C022,P007,6,2656.73
5704,2024-09-09,C008,P022,1,570.91
5705,2024-09-09,C042,P024,5,270.90
5706,2024-09-19,C045,P017,7,4118.54
5707,2024-09-02,C031,P019,2,1142.03
5708,2024-09-03,C036,P018,5,248.61
5709,2024-09-26,C028,P023,4,180.93
5710,2024-09-09,C027,P007,4,685.73
5711,2024-09-01,C035,P011,7,3562.29
5712,2024-09-17,C052,P015,3,609.75
5713,2024-09-07,C012,P016,6,2748.38
5714,2024-09-04,C053,P008,8,1971.37
5715,2024-09-20,C002,P023,2,1108.83
5716,2024-09-08,C046,P019,8,3077.39
5717,2024-09-01,C056,P002,8,474.15
5718,2024-09-06,C057,P019,8,2910.08
5719,2024-09-05,C999,P006,1,69.08
5720,2024-09-07,C012,P023,6,635.45
5721,2024-09-24,C015,P002,1,157.97
5722,2024-09-20,C004,P013,7,1233.76
5723,2024-09-01,C010,P011,6,1188.25
5724,2024-09-04,C054,P001,7,2144.40
5725,2024-09-01,C017,P022,5,856.24
5726,2024-09-01,C001,P023,2,880.24
5727,2024-09-05,C039,P006,6,3381.37
5728,2024-09-27,C056,P001,8,899.34
5729,2024-09-28,C058,P006,3,725.17
5730,2024-09-14,C048,P004,5,784.35
5731,2024-09-10,C012,P007,7,3999.49
5732,2024-09-13,C010,P020,6,1979.55
5733,2024-09-03,C026,P001,5,1041.27
5734,2024-09-18,C045,P004,2,353.85
5735,2024-09-17,C055,P013,5,2608.10
5736,2024-09-04,C999,P019,6,618.96
5737,2024-09-06,C046,P017,3,116.01
5738,2024-09-27,C022,P005,5,2223.86
5739,2024-09-08,C011,P023,1,169.02
5740,2024-09-17,C033,P018,4,399.80
5741,2024-09-19,C053,P023,4,632.74
5742,2024-09-25,C999,P003,3,1113.54
5743,2024-09-04,C007,P004,4,2298.56
5744,2024-09-06,C019,P007,3,1358.73
5745,2024-09-07,C023,P023,6,1700.60
5746,2024-09-08,C035,P023,7,3995.43
5747,2024-09-05,C033,P008,4,1869.76
5748,2024-09-05,C049,P021,7,1074.10
5749,2024-09-04,C053,P017,4,275.82
5750,2024-09-12,C052,P024,4,1191.71
5751,2024-09-19,C056,P017,8,3260.74
5752,2024-09-22,C055,P001,7,3031.68
5753,2024-09-13,C033,P023,6,398.40
5754,2024-09-17,C044,P020,2,571.70
5755,2024-09-17,C002,P024,7,2675.69
5756,2024-09-22,C019,P002,4,399.16
5757,2024-09-22,C022,P024,6,753.07
5758,2024-09-03,C029,P016,3,1464.67
5759,2024-09-17,C009,P023,3,1474.32
5760,2024-09-17,C029,P024,7,2213.13
5761,2024-09-06,C030,P014,8,2595.26
5762,2024-09-02,C034,P008,1,569.24
5763,2024-09-04,C032,P007,2,864.42
5764,2024-09-04,C045,P009,6,979.84
5765,2024-09-02,C030,P001,6,3396.11
5766,2024-09-28,C033,P002,2,1109.22
5767,2024-09-20,C022,P024,1,111.58
5768,2024-09-06,C048,P004,5,1053.92
5769,2024-09-15,C020,P021,7,1557.10
5770,2024-09-27,C013,P010,2,868.68
5771,2024-09-25,C018,P005,2,163.96
5772,2024-09-04,C026,P006,6,1372.72
5773,2024-09-23,C054,P008,5,187.54
5774,2024-09-01,C015,P023,3,245.69
5775,2024-09-13,C016,P007,6,2040.48
5776,2024-09-14,C023,P019,7,581.00
5777,2024-09-06,C031,P012,3,1182.74
5778,2024-09-16,C024,P007,8,2314.19
5779,2024-09-12,C050,P024,7,1916.32
5780,2024-09-13,C021,P023,3,1662.68
5781,2024-09-08,C028,P019,8,2036.39
5782,2024-09-25,C056,P005,1,533.46
5783,2024-09-15,C048,P002,8,345.66
5784,2024-09-20,C045,P019,3,1263.89
5785,2024-09-18,C040,P009,3,1700.43
5786,2024-09-25,C013,P004,4,1990.00
5787,2024-09-06,C006,P020,1,516.97
5788,2024-09-19,C042,P016,8,4608.71
5789,2024-09-15,C036,P016,4,835.31
5790,2024-09-16,C027,P010,2,659.31
5791,2024-09-11,C034,P020,3,1181.63
5792,2024-09-25,C053,P010,2,588.62
5793,2024-09-06,C035,P021,7,523.63
5794,2024-09-18,C007,P006,3,496.61
5795,2024-09-23,C044,P020,1,485.00
5796,2024-09-19,C035,P008,6,1807.53
5797,2024-10-24,C045,P009,7,880.09
5798,2024-10-21,C042,P015,6,414.31
5799,2024-10-16,C011,P024,6,3528.98
5800,2024-10-11,C044,P004,6,287.38
5801,2024-10-04,C016,P004,5,254.43
5802,2024-10-13,C044,P009,4,2198.93
5803,2024-10-09,C009,P020,7,2992.19
5804,2024-10-16,C046,P014,2,634.48
5805,2024-10-11,C060,P024,6,334.71
5806,2024-10-16,C008,P018,1,472.85
5807,2024-10-09,C010,P021,6,452.14
5808,2024-10-28,C019,P019,5,2776.65
5809,2024-10-06,C019,P007,1,208.78
5810,2024-10-03,C034,P008,4,943.74
5811,2024-10-16,C051,P016,6,1441.51
5812,2024-10-26,C046,P009,2,1096.17
5813,2024-10-13,C045,P005,4,1031.94
5814,2024-10-01,C018,P008,5,2009.01
5815,2024-10-20,C999,P015,1,249.99
5816,2024-10-09,C027,P007,5,224.77
5817,2024-10-03,C004,P010,1,234.55
5818,2024-10-20,C023,P008,1,177.68
5819,2024-10-12,C008,P004,4,2185.85
5820,2024-10-10,C029,P004,4,354.94
5821,2024-10-18,C015,P012,5,491.58
5822,2024-10-26,C038,P021,3,1382.56
5823,2024-10-08,C014,P024,1,450.31
5824,2024-10-09,C019,P003,2,567.51
5825,2024-10-06,C044,P016,8,4044.85
5826,2024-10-25,C015,P017,4,347.62
5827,2024-10-13,C038,P003,6,2066.76
5828,2024-10-10,C011,P007,1,193.60
5829,2024-10-14,C025,P004,7,2744.99
5830,2024-10-23,C004,P012,4,2054.57
5831,2024-10-02,C053,P016,8,3663.55
5832,2024-10-19,C036,P005,3,449.24
5833,2024-10-01,C055,P014,6,2947.90
5834,2024-10-10,C032,P001,2,546.84
5835,2024-10-26,C002,P004,8,1278.36
5836,2024-10-26,C015,P010,4,2145.03
5837,2024-10-24,C048,P017,5,1823.11
5838,2024-10-01,C056,P015,8,950.33
5839,2024-10-18,C009,P011,6,2364.30
5840,2024-10-14,C004,P023,8,4670.86
5841,2024-10-24,C050,P001,1,200.62
5842,2024-10-17,C026,P017,6,3114.53
5843,2024-10-23,C010,P023,7,2781.02
5844,2024-10-20,C003,P017,1,418.65
5845,2024-10-19,C030,P018,3,1689.63
5846,2024-10-26,C037,P013,1,500.17
5847,2024-10-11,C031,P019,6,3570.22
5848,2024-10-20,C048,P018,2,440.59
5849,2024-10-20,C002,P012,7,542.64
5850,2024-10-08,C004,P013,2,638.23
5851,2024-10-08,C004,P010,6,2661.51
5852,2024-10-05,C032,P002,2,696.16
5853,2024-10-26,C026,P013,7,3825.18
5854,2024-10-13,C057,P001,8,705.99
5855,2024-10-25,C044,P009,2,459.97
5856,2024-10-17,C009,P004,2,442.60
5857,2024-10-14,C009,P006,6,1870.53
5858,2024-10-05,C024,P006,4,2355.68
5859,2024-10-02,C007,P008,3,586.68
5860,2024-10-17,C019,P020,5,2719.64
5861,2024-10-21,C016,P007,5,2520.38
5862,2024-10-11,C020,P003,1,142.71
5863,2024-10-16,C048,P004,4,902.16
5864,2024-10-25,C999,P001,7,2793.51
5865,2024-10-23,C033,P002,2,1198.21
5866,2024-10-14,C039,P004,3,1182.00
5867,2024-10-25,C023,P020,8,2046.11
5868,2024-10-08,C001,P002,4,1224.28
5869,2024-10-04,C021,P018,7,2931.70
5870,2024-10-05,C042,P007,3,1295.50
5871,2024-10-08,C046,P021,2,363.98
5872,2024-10-21,C024,P005,2,504.14
5873,2024-10-24,C013,P015,6,2885.41
5874,2024-10-22,C003,P001,6,1487.76
5875,2024-10-09,C022,P007,3,1314.48
5876,2024-11-26,C019,P007,4,1490.99
5877,2024-11-07,C024,P004,4,851.78
5878,2024-11-24,C026,P016,8,3084.83
5879,2024-11-21,C049,P014,7,2744.91
5880,2024-11-24,C032,P002,5,2003.47
5881,2024-11-25,C047,P002,7,4139.28
5882,2024-11-28,C039,P020,4,454.94
5883,2024-11-15,C027,P008,4,2083.93
5884,2024-11-04,C057,P004,5,269.02
5885,2024-11-27,C008,P010,5,419.01
5886,2024-11-25,C013,P023,8,1270.30
5887,2024-11-23,C046,P018,6,1600.06
5888,2024-11-13,C017,P010,4,670.75
5889,2024-11-13,C019,P015,1,408.91
5890,2024-11-12,C027,P020,1,352.73
5891,2024-11-05,C042,P007,1,495.15
5892,2024-11-10,C055,P024,4,275.00
5893,2024-11-18,C003,P019,8,390.40
5894,2024-11-14,C054,P017,4,214.09
5895,2024-11-13,C047,P020,1,355.81
5896,2024-11-15,C048,P007,6,1432.35
5897,2024-11-26,C014,P013,1,297.70
5898,2024-11-16,C055,P017,2,682.54
5899,2024-11-04,C010,P014,7,1651.38
5900,2024-11-10,C058,P001,8,2419.88
5901,2024-11-10,C056,P015,3,269.55
5902,2024-11-24,C047,P010,4,1343.63
5903,2024-11-24,C056,P010,3,198.13
5904,2024-11-28,C044,P024,8,3833.33
5905,2024-11-07,C048,P007,7,2098.83
5906,2024-11-23,C052,P007,5,240.19
5907,2024-11-06,C038,P019,4,2059.88
5908,2024-11-10,C059,P006,1,178.39
5909,2024-11-11,C015,P013,1,282.61
5910,2024-11-03,C057,P009,4,1317.68
5911,2024-11-24,C057,P013,2,244.78
5912,2024-11-15,C031,P014,4,885.18
5913,2024-11-14,C032,P005,3,478.78
5914,2024-11-16,C055,P008,1,172.33
5915,2024-11-01,C002,P001,1,310.67
5916,2024-11-28,C033,P009,8,2217.99
5917,2024-11-11,C048,P015,8,2245.48
5918,2024-11-09,C032,P002,6,1423.02
5919,2024-11-06,C011,P015,3,1409.26
5920,2024-11-17,C039,P004,3,937.37
5921,2024-11-18,C009,P020,7,4065.84
5922,2024-11-17,C041,P005,2,594.04
5923,2024-11-06,C055,P005,5,1833.59
5924,2024-11-07,C022,P002,2,157.94
5925,2024-11-02,C042,P022,7,2555.05
5926,2024-11-17,C042,P023,6,3158.00
5927,2024-11-19,C001,P012,1,529.84
5928,2024-11-15,C032,P013,2,837.14
5929,2024-11-26,C020,P014,2,567.69
5930,2024-11-22,C010,P010,5,1366.80
5931,2024-11-15,C050,P002,4,768.63
5932,2024-11-22,C048,P020,2,937.03
5933,2024-11-20,C018,P024,8,2972.90
5934,2024-11-16,C012,P011,5,210.11
5935,2024-11-11,C057,P007,3,604.01
5936,2024-11-25,C054,P021,8,1357.31
5937,2024-11-09,C040,P019,1,547.67
5938,2024-11-14,C020,P011,2,734.29
5939,2024-11-06,C056,P017,2,324.63
5940,2024-11-07,C059,P005,7,1885.54
5941,2024-11-24,C026,P008,2,1112.56
5942,2024-11-26,C052,P003,6,2402.00
5943,2024-11-14,C041,P009,4,2303.82
5944,2024-11-10,C048,P010,3,135.41
5945,2024-11-22,C035,P016,2,583.96
5946,2024-11-04,C026,P020,4,471.91
5947,2024-11-22,C046,P021,4,1823.62
5948,2024-11-26,C004,P006,4,951.80
5949,2024-11-19,C044,P009,3,1731.92
5950,2024-11-06,C058,P016,5,2395.20
5951,2024-11-12,C024,P017,4,450.43
5952,2024-11-17,C053,P010,1,220.32
5953,2024-11-15,C040,P022,6,1787.04
5954,2024-11-18,C057,P011,5,1390.18
5955,2024-11-01,C026,P016,4,1968.85
5956,2024-11-16,C011,P012,7,1048.57
5957,2024-11-08,C040,P012,2,1003.44
5958,2024-11-13,C033,P008,5,1294.78
5959,2024-11-24,C048,P001,2,962.73
5960,2024-12-19,C037,P006,8,2954.81
5961,2024-12-06,C999,P023,6,1963.07
5962,2024-12-13,C040,P009,3,1034.03
5963,2024-12-13,C031,P011,6,3182.99
5964,2024-12-28,C056,P013,4,2384.44
5965,2024-12-18,C004,P024,5,369.47
5966,2024-12-10,C012,P018,1,513.62
5967,2024-12-18,C019,P023,8,3373.38
5968,2024-12-11,C035,P019,7,2731.13
5969,2024-12-23,C060,P014,2,429.64
5970,2024-12-21,C060,P004,5,1475.79
5971,2024-12-07,C044,P021,8,2716.87
5972,2024-12-01,C057,P021,6,1454.86
5973,2024-12-02,C004,P022,2,737.44
5974,2024-12-13,C058,P006,5,1113.49
5975,2024-12-28,C011,P004,6,3116.08
5976,2024-12-27,C036,P008,4,1948.73
5977,2024-12-18,C003,P011,5,730.46
5978,2024-12-27,C017,P015,2,940.48
5979,2024-12-06,C055,P015,2,179.91
5980,2024-12-20,C015,P007,3,1307.98
5981,2024-12-01,C057,P019,2,937.37
5982,2024-12-19,C018,P011,7,2242.72
5983,2024-12-21,C033,P024,1,514.94
5984,2024-12-21,C002,P010,1,537.16
5985,2024-12-22,C006,P018,4,1431.19
5986,2024-12-23,C039,P018,4,181.81
5987,2024-12-21,C012,P017,4,1947.16
5988,2024-12-17,C011,P024,7,4259.31
5989,2024-12-10,C029,P011,2,858.59
5990,2024-12-21,C050,P024,2,1167.50
5991,2024-12-20,C044,P008,4,857.03
5992,2024-12-07,C032,P016,5,668.44
5993,2024-12-22,C049,P019,3,904.50
5994,2024-12-10,C017,P020,3,1521.67
5995,2024-12-28,C011,P005,8,4049.95
5996,2024-12-23,C016,P002,3,937.37
5997,2024-12-02,C036,P012,8,3921.13
5998,2024-12-08,C001,P008,6,3652.32
5999,2024-12-14,C005,P009,7,3724.09
6000,2024-12-10,C054,P023,3,1009.97
6001,2024-12-19,C030,P005,2,885.58
6002,2024-12-25,C018,P010,6,287.62
6003,2024-12-19,C037,P020,2,1019.11
6004,2024-12-06,C023,P008,2,434.06
6005,2024-12-09,C033,P018,8,1562.03
6006,2024-12-23,C037,P002,5,1054.37
6007,2024-12-13,C044,P004,7,2885.83
6008,2024-12-24,C017,P002,7,4295.66
6009,2024-12-18,C029,P018,2,727.87
6010,2024-12-26,C056,P002,8,4232.14
6011,2024-12-17,C018,P005,7,3555.02
6012,2024-12-28,C060,P019,4,247.54
6013,2024-12-09,C034,P010,1,430.40
6014,2024-12-26,C048,P018,4,2163.02
6015,2024-12-26,C054,P008,5,688.30
6016,2024-12-20,C040,P019,7,3137.27
6017,2024-12-06,C015,P006,2,720.77
6018,2024-12-26,C019,P012,4,577.45
6019,2024-12-03,C006,P002,8,4092.09
6020,2024-12-23,C021,P016,6,1649.73
6021,2024-12-13,C019,P012,1,338.07
6022,2024-12-25,C031,P024,6,3515.41
6023,2024-12-26,C017,P022,7,3932.98
6024,2024-12-21,C999,P010,5,813.86
6025,2024-12-04,C009,P013,1,586.78
6026,2024-12-22,C029,P001,6,2780.34
6027,2024-12-03,C036,P005,4,614.13
6028,2024-12-15,C029,P010,3,439.94
6029,2024-12-09,C035,P001,1,610.54
6030,2024-12-21,C026,P010,2,637.47
6031,2024-12-09,C046,P002,5,1240.25
6032,2024-12-05,C003,P019,1,199.63
6033,2024-12-22,C027,P003,8,3866.13
6034,2024-12-27,C017,P010,7,1377.53
6035,2024-12-01,C012,P020,2,118.68
6036,2024-12-22,C035,P021,4,2255.13
6037,2024-12-02,C029,P018,1,252.37
6038,2024-12-25,C009,P023,8,674.37
6039,2024-12-08,C035,P014,2,607.59
6040,2024-12-18,C999,P013,4,1300.87
6041,2024-12-26,C059,P022,8,3075.80
6042,2024-12-03,C038,P013,2,618.33
6043,2024-12-05,C007,P015,1,548.50
6044,2024-12-28,C008,P016,1,280.95
6045,2024-12-18,C031,P018,7,3308.73
6046,2024-12-18,C035,P020,1,367.19
6047,2024-12-21,C028,P022,4,572.61
6048,2024-12-13,C026,P022,1,281.75
6049,2024-12-15,C011,P024,1,556.63
6050,2024-12-15,C046,P009,2,132.95
6051,2024-12-02,C018,P024,2,878.95
6052,2024-12-13,C026,P009,2,219.46
6053,2024-12-07,C047,P009,3,1586.21
6054,2024-12-18,C053,P017,1,521.57
6055,2024-12-18,C005,P009,4,1747.10
6056,2024-12-18,C021,P022,5,1430.71
6057,2025-01-23,C057,P018,8,1229.42
6058,2025-01-20,C010,P021,6,1898.46
6059,2025-01-17,C028,P008,1,529.76
6060,2025-01-16,C038,P021,3,1741.61
6061,2025-01-14,C054,P004,4,295.88
6062,2025-01-24,C020,P019,4,345.61
6063,2025-01-10,C059,P005,5,3073.69
6064,2025-01-16,C039,P013,2,461.82
6065,2025-01-27,C023,P013,4,1478.64
6066,2025-01-22,C057,P008,5,1656.51
6067,2025-01-11,C018,P007,8,393.11
6068,2025-01-28,C045,P012,4,1308.29
6069,2025-01-12,C057,P017,2,514.67
6070,2025-01-27,C051,P007,6,221.29
6071,2025-01-21,C001,P008,7,2432.73
6072,2025-01-10,C030,P022,2,1147.53
6073,2025-01-14,C014,P014,3,1389.76
6074,2025-01-02,C035,P004,6,812.69
6075,2025-01-01,C052,P015,8,1818.84
6076,2025-01-18,C043,P008,5,2531.21
6077,2025-01-10,C011,P024,1,178.28
6078,2025-01-22,C009,P018,3,903.91
6079,2025-01-28,C034,P009,3,961.44
6080,2025-01-03,C059,P016,2,739.31
6081,2025-01-24,C042,P015,5,2057.47
6082,2025-01-07,C032,P016,3,1521.99
6083,2025-01-22,C047,P019,7,984.86
6084,2025-01-03,C028,P010,3,210.95
6085,2025-01-12,C033,P017,7,986.47
6086,2025-01-26,C059,P010,2,149.91
6087,2025-01-12,C027,P024,5,327.36
6088,2025-01-06,C053,P017,6,1465.35
6089,2025-01-18,C009,P010,6,2948.01
6090,2025-01-05,C008,P022,7,377.24
6091,2025-01-13,C047,P001,7,2911.70
6092,2025-01-12,C033,P015,2,1176.27
6093,2025-01-01,C043,P021,8,803.83
6094,2025-01-01,C053,P009,4,2121.65
6095,2025-01-23,C008,P014,7,555.94
6096,2025-01-24,C060,P020,4,1030.71
6097,2025-01-11,C042,P024,6,3659.23
6098,2025-01-28,C043,P006,2,636.66
6099,2025-01-14,C056,P024,6,1532.79
6100,2025-01-17,C999,P004,3,1352.24
6101,2025-01-06,C060,P002,8,4999.14
6102,2025-01-14,C055,P007,6,2111.84
6103,2025-01-25,C011,P012,6,3560.42
6104,2025-01-24,C042,P002,8,1309.32
6105,2025-01-04,C037,P001,5,2843.26
6106,2025-01-12,C999,P003,1,41.11
6107,2025-01-08,C016,P021,1,78.61
6108,2025-01-21,C009,P008,7,3552.81
6109,2025-01-21,C058,P007,3,505.74
6110,2025-01-06,C010,P020,4,852.25
6111,2025-01-01,C042,P008,4,522.12
6112,2025-01-16,C009,P003,8,3943.64
6113,2025-01-06,C052,P004,3,976.14
6114,2025-01-11,C021,P011,4,1304.32
6115,2025-01-14,C050,P008,7,3950.35
6116,2025-01-13,C001,P014,8,1466.43
6117,2025-01-28,C025,P006,1,116.15
6118,2025-01-26,C034,P015,4,1359.64
6119,2025-01-14,C023,P017,4,2191.01
6120,2025-01-24,C031,P014,6,3503.96
6121,2025-01-24,C004,P011,1,176.23
6122,2025-01-08,C022,P003,7,4248.58
6123,2025-01-19,C014,P002,5,247.91
6124,2025-01-08,C025,P003,1,612.12
6125,2025-01-07,C014,P021,8,1736.36
6126,2025-01-14,C012,P014,1,363.84
6127,2025-01-02,C054,P019,5,2954.01
6128,2025-01-23,C030,P003,1,105.53
6129,2025-01-20,C022,P005,1,175.58
6130,2025-01-05,C017,P024,4,1139.86
6131,2025-01-26,C057,P013,5,2030.16
6132,2025-01-05,C025,P002,5,181.31
6133,2025-01-28,C013,P018,6,3013.92
6134,2025-01-22,C053,P002,8,484.72
6135,2025-01-21,C016,P004,8,1520.58
6136,2025-01-05,C048,P011,1,108.67
6137,2025-01-08,C043,P005,3,532.80
6138,2025-01-24,C018,P022,7,1984.07
6139,2025-01-09,C045,P017,5,1004.72
6140,2025-01-24,C013,P004,4,269.23
6141,2025-01-26,C046,P001,4,2052.43
6142,2025-01-01,C029,P007,4,195.95
6143,2025-01-21,C031,P002,1,269.71
6144,2025-01-19,C049,P001,5,3095.33
6145,2025-01-05,C044,P010,6,1633.79
6146,2025-01-25,C048,P004,5,205.14
6147,2025-01-09,C017,P003,5,246.49
6148,2025-01-21,C039,P014,2,906.58
6149,2025-01-04,C029,P014,1,183.13
6150,2025-01-11,C002,P011,6,3561.99
6151,2025-01-14,C060,P017,8,3268.93
6152,2025-01-19,C053,P023,2,234.45
6153,2025-01-26,C019,P009,1,159.50
6154,2025-01-17,C031,P009,8,4202.33
6155,2025-01-22,C015,P011,1,211.77
6156,2025-01-01,C037,P001,1,362.45
6157,2025-02-26,C021,P014,5,2299.99
6158,2025-02-05,C017,P009,8,3096.68
6159,2025-02-28,C058,P007,6,3616.74
6160,2025-02-15,C020,P003,2,282.35
6161,2025-02-16,C016,P009,8,1243.28
6162,2025-02-20,C014,P019,6,957.76
6163,2025-02-25,C029,P018,8,4369.92
6164,2025-02-11,C005,P009,4,2477.36
6165,2025-02-09,C027,P003,2,277.91
6166,2025-02-13,C027,P021,5,886.19
6167,2025-02-09,C031,P007,6,2986.72
6168,2025-02-10,C053,P005,8,4802.77
6169,2025-02-04,C046,P006,8,2764.76
6170,2025-02-05,C039,P006,6,3381.73
6171,2025-02-16,C054,P022,2,86.04
6172,2025-02-16,C008,P007,3,1445.67
6173,2025-02-23,C019,P009,3,365.79
6174,2025-02-13,C025,P008,4,342.74
6175,2025-02-12,C999,P016,2,649.70
6176,2025-02-14,C028,P005,4,1151.02
6177,2025-02-21,C032,P012,3,1297.01
6178,2025-02-07,C047,P012,1,451.62
6179,2025-02-26,C028,P023,2,121.99
6180,2025-02-26,C999,P014,5,2592.54
6181,2025-02-21,C015,P022,5,2593.49
6182,2025-02-11,C001,P013,1,148.85
6183,2025-02-13,C002,P002,5,2773.13
6184,2025-02-13,C032,P008,6,294.57
6185,2025-02-21,C037,P008,8,5037.60
6186,2025-02-26,C025,P005,8,1495.58
6187,2025-02-24,C001,P006,6,3753.01
6188,2025-02-04,C015,P012,4,1854.32
6189,2025-02-02,C009,P023,2,1094.06
6190,2025-02-18,C015,P003,1,624.04
6191,2025-02-16,C032,P007,3,1474.00
6192,2025-02-22,C002,P015,2,100.42
6193,2025-02-22,C008,P001,2,927.63
6194,2025-02-14,C055,P012,8,4514.85
6195,2025-02-06,C017,P007,5,2781.59
6196,2025-02-12,C033,P023,3,241.32
6197,2025-02-17,C045,P007,4,2530.89
6198,2025-02-08,C004,P005,5,1072.34
6199,2025-02-28,C026,P022,3,713.14
6200,2025-02-23,C059,P004,3,1696.47
6201,2025-02-06,C047,P005,6,284.33
6202,2025-02-24,C010,P008,1,376.36
6203,2025-02-14,C013,P002,3,1338.67
6204,2025-02-21,C011,P005,7,717.60
6205,2025-02-07,C026,P009,2,469.68
6206,2025-02-18,C016,P023,8,4019.74
6207,2025-02-27,C009,P009,5,2713.86
6208,2025-02-23,C045,P013,8,352.99
6209,2025-02-08,C036,P015,8,561.77
6210,2025-02-24,C049,P014,8,1738.57
6211,2025-02-11,C020,P018,1,444.43
6212,2025-02-26,C053,P017,3,417.64
6213,2025-02-15,C022,P013,6,3089.75
6214,2025-02-17,C013,P019,3,1369.10
6215,2025-02-15,C049,P024,4,1372.29
6216,2025-02-19,C005,P018,7,3053.86
6217,2025-02-02,C034,P005,6,3110.47
6218,2025-02-16,C049,P001,6,3622.34
6219,2025-02-02,C024,P002,6,633.72
6220,2025-02-11,C001,P008,2,770.19
6221,2025-02-24,C022,P012,7,2489.85
6222,2025-02-28,C005,P007,8,4658.85
6223,2025-02-02,C048,P013,1,565.28
6224,2025-02-18,C020,P021,3,656.17
6225,2025-02-12,C005,P013,8,3424.80
6226,2025-02-17,C018,P016,2,121.99
6227,2025-02-26,C041,P011,1,269.46
6228,2025-02-07,C021,P002,4,722.50
6229,2025-02-23,C037,P009,5,1782.48
6230,2025-02-04,C057,P016,8,3696.25
6231,2025-02-08,C030,P008,5,2940.05
6232,2025-02-14,C046,P014,7,2493.16
6233,2025-02-21,C023,P004,4,2479.55
6234,2025-02-19,C028,P016,7,335.78
6235,2025-02-21,C009,P020,4,378.78
6236,2025-02-18,C034,P021,1,167.81
6237,2025-02-09,C046,P002,4,578.63
6238,2025-02-20,C059,P005,8,3161.76
6239,2025-02-14,C053,P020,5,2356.52
6240,2025-02-11,C009,P007,3,1242.10
6241,2025-02-25,C012,P019,1,88.61
6242,2025-02-03,C001,P005,1,149.78
6243,2025-02-13,C002,P009,4,836.96
6244,2025-02-11,C048,P009,6,681.30
6245,2025-02-14,C040,P005,1,51.79
6246,2025-02-21,C050,P020,1,468.84
6247,2025-02-20,C042,P021,4,1337.83
6248,2025-02-09,C016,P009,5,2795.47
6249,2025-02-03,C036,P001,1,437.53
6250,2025-02-01,C030,P020,8,4199.21
6251,2025-02-19,C013,P023,1,503.64
6252,2025-02-24,C053,P002,2,277.19
6253,2025-02-15,C057,P001,6,1868.11
6254,2025-03-05,C042,P003,3,985.78
6255,2025-03-17,C004,P012,7,1067.04
6256,2025-03-25,C036,P014,6,2656.33
6257,2025-03-04,C008,P006,4,456.10
6258,2025-03-13,C055,P014,3,1070.43
6259,2025-03-16,C025,P006,8,3444.29
6260,2025-03-03,C010,P022,2,502.34
6261,2025-03-01,C015,P012,1,228.28
6262,2025-03-01,C060,P021,5,732.88
6263,2025-03-23,C039,P009,3,1103.09
6264,2025-03-28,C999,P021,8,2624.04
6265,2025-03-06,C048,P023,1,166.10
6266,2025-03-23,C031,P001,8,2956.09
6267,2025-03-05,C045,P004,7,3552.54
6268,2025-03-11,C016,P004,6,3034.50
6269,2025-03-18,C035,P019,5,1531.56
6270,2025-03-24,C038,P004,3,1006.77
6271,2025-03-25,C037,P008,6,867.60
6272,2025-03-10,C052,P020,6,1790.71
6273,2025-03-13,C055,P022,6,2273.25
6274,2025-03-02,C024,P009,2,694.60
6275,2025-03-25,C038,P002,5,1325.01
6276,2025-03-17,C020,P017,3,713.09
6277,2025-03-11,C011,P013,8,890.53
6278,2025-03-20,C039,P024,6,3531.70
6279,2025-03-18,C009,P020,5,474.12
6280,2025-03-16,C001,P022,1,345.30
6281,2025-03-02,C037,P015,7,3289.40
6282,2025-03-09,C052,P010,4,2362.78
6283,2025-03-19,C059,P015,6,1775.27
6284,2025-03-12,C056,P010,8,2212.12
6285,2025-03-14,C014,P014,7,1406.18
6286,2025-03-06,C021,P008,5,860.29
6287,2025-03-15,C022,P002,7,2861.71
6288,2025-03-24,C035,P007,3,1714.77
6289,2025-03-12,C053,P016,5,2803.12
6290,2025-03-25,C001,P010,2,190.55
6291,2025-03-25,C004,P010,8,2930.92
6292,2025-03-08,C056,P003,1,590.07
6293,2025-03-28,C002,P023,2,593.80
6294,2025-03-24,C034,P020,5,2169.13
6295,2025-03-16,C001,P009,1,80.09
6296,2025-03-10,C049,P004,4,527.25
6297,2025-03-01,C008,P022,6,2432.04
6298,2025-03-17,C031,P015,6,283.10
6299,2025-03-25,C015,P011,2,238.96
6300,2025-03-01,C026,P003,8,4681.00
6301,2025-03-16,C059,P022,3,130.75
6302,2025-03-06,C029,P016,4,700.18
6303,2025-03-12,C003,P009,8,305.41
6304,2025-03-27,C034,P010,3,1486.67
6305,2025-03-06,C018,P011,7,2715.11
6306,2025-03-01,C054,P012,3,325.38
6307,2025-03-11,C050,P021,4,2007.88
6308,2025-03-27,C030,P018,5,2912.75
6309,2025-03-08,C015,P015,4,1238.06
6310,2025-03-09,C059,P015,7,4047.22
6311,2025-03-28,C053,P006,3,1159.61
6312,2025-03-08,C011,P017,7,1397.16
6313,2025-03-19,C025,P002,8,2092.15
6314,2025-03-26,C013,P008,4,1274.24
6315,2025-03-20,C052,P016,8,2505.11
6316,2025-03-15,C060,P021,7,720.66
6317,2025-03-05,C056,P001,6,2586.19
6318,2025-03-16,C050,P009,1,126.12
6319,2025-03-18,C007,P019,6,2140.72
6320,2025-03-20,C006,P021,2,1152.65
6321,2025-03-10,C012,P007,8,2494.89
6322,2025-03-28,C006,P001,7,2775.61
6323,2025-03-09,C036,P014,4,339.56
6324,2025-04-04,C031,P002,7,1624.48
6325,2025-04-27,C039,P006,2,102.93
6326,2025-04-24,C027,P015,1,493.62
6327,2025-04-04,C048,P001,1,599.49
6328,2025-04-25,C023,P003,7,422.33
6329,2025-04-21,C045,P003,7,335.62
6330,2025-04-11,C012,P001,4,1359.09
6331,2025-04-20,C007,P002,4,1984.76
6332,2025-04-14,C011,P023,4,753.92
6333,2025-04-18,C028,P019,6,2422.66
6334,2025-04-09,C036,P007,7,3591.31
6335,2025-04-25,C033,P020,5,720.65
6336,2025-04-19,C051,P015,8,889.49
6337,2025-04-07,C052,P009,3,115.92
6338,2025-04-19,C050,P019,4,988.46
6339,2025-04-18,C028,P005,6,2043.75
6340,2025-04-16,C051,P004,7,517.68
6341,2025-04-27,C044,P003,5,1646.44
6342,2025-04-23,C035,P013,8,2529.80
6343,2025-04-09,C047,P011,5,1978.57
6344,2025-04-17,C050,P018,6,3213.19
6345,2025-04-12,C008,P024,2,366.19
6346,2025-04-17,C006,P003,6,3198.12
6347,2025-04-09,C011,P006,2,166.14
6348,2025-04-24,C041,P015,3,1338.26
6349,2025-04-05,C030,P020,6,1284.23
6350,2025-04-28,C049,P012,7,4267.25
6351,2025-04-13,C042,P024,3,1088.60
6352,2025-04-02,C053,P015,1,641.88
6353,2025-04-25,C042,P006,2,766.54
6354,2025-04-11,C044,P007,5,310.14
6355,2025-04-18,C029,P023,1,322.38
6356,2025-04-22,C999,P012,2,351.32
6357,2025-04-28,C028,P012,4,862.05
6358,2025-04-25,C028,P014,7,2835.43
6359,2025-04-10,C029,P013,2,879.18
6360,2025-04-07,C026,P017,6,2377.59
6361,2025-04-22,C018,P004,7,2055.73
6362,2025-04-23,C016,P023,7,3548.36
6363,2025-04-17,C060,P008,6,2512.24
6364,2025-04-06,C023,P006,2,916.78
6365,2025-04-24,C012,P023,4,751.64
6366,2025-04-25,C021,P023,7,814.22
6367,2025-04-08,C001,P019,4,1311.90
6368,2025-04-19,C054,P017,1,222.25
6369,2025-04-27,C028,P011,2,1242.93
6370,2025-04-16,C026,P014,6,2355.18
6371,2025-04-14,C038,P020,4,609.73
6372,2025-04-17,C024,P005,1,609.56
6373,2025-04-07,C055,P018,2,1271.05
6374,2025-04-11,C004,P016,4,1819.79
6375,2025-04-08,C010,P013,2,972.61
6376,2025-04-07,C016,P010,3,822.33
6377,2025-04-03,C024,P012,7,1775.06
6378,2025-04-13,C020,P014,1,489.25
6379,2025-04-09,C037,P009,8,1780.54
6380,2025-04-25,C006,P024,2,934.50
6381,2025-04-22,C056,P004,3,355.94
6382,2025-04-14,C003,P020,4,1830.24
6383,2025-04-11,C031,P021,8,3522.06
6384,2025-04-22,C039,P012,3,1009.40
6385,2025-04-05,C012,P007,2,616.41
6386,2025-04-04,C012,P014,1,139.16
6387,2025-04-28,C054,P016,4,2578.63
6388,2025-04-24,C024,P020,2,328.66
6389,2025-04-07,C031,P022,4,1807.51
6390,2025-04-01,C009,P017,7,260.33
6391,2025-04-05,C054,P001,4,693.93
6392,2025-04-15,C014,P016,7,1845.36
6393,2025-04-06,C046,P004,4,1336.63
6394,2025-04-16,C045,P019,1,308.91
6395,2025-04-07,C033,P012,1,493.80
6396,2025-04-13,C011,P001,4,1891.28
6397,2025-04-03,C035,P012,8,4319.64
6398,2025-04-04,C051,P015,8,2632.08
6399,2025-04-09,C013,P006,3,1599.07
6400,2025-04-19,C045,P010,4,188.87
6401,2025-04-25,C034,P015,8,1744.65
6402,2025-04-12,C025,P008,6,231.95
6403,2025-04-19,C031,P004,8,1572.12
6404,2025-04-21,C054,P003,5,2473.00
6405,2025-04-21,C020,P006,8,1084.68
6406,2025-04-06,C024,P002,6,1327.80
6407,2025-04-05,C041,P023,4,247.55
6408,2025-04-11,C028,P008,1,127.02
6409,2025-04-19,C009,P009,8,797.29
6410,2025-04-19,C041,P014,2,435.81
6411,2025-04-22,C014,P024,5,1249.88
6412,2025-04-18,C046,P024,5,2196.26
6413,2025-04-24,C015,P024,6,2411.77
6414,2025-04-14,C005,P016,2,579.36
6415,2025-04-10,C004,P002,8,1753.28
6416,2025-04-18,C008,P011,6,1096.74
6417,2025-04-26,C031,P019,6,2431.30
6418,2025-04-05,C045,P023,4,1709.79
6419,2025-05-08,C028,P023,3,1268.40
6420,2025-05-25,C001,P006,1,172.38
6421,2025-05-25,C058,P010,3,265.68
6422,2025-05-02,C003,P008,7,294.14
6423,2025-05-16,C009,P007,4,2153.74
6424,2025-05-27,C048,P020,2,499.88
6425,2025-05-01,C005,P012,4,266.02
6426,2025-05-13,C011,P020,8,964.57
6427,2025-05-23,C055,P016,6,1856.01
6428,2025-05-19,C040,P005,8,3418.91
6429,2025-05-16,C024,P002,1,373.90
6430,2025-05-20,C028,P008,1,330.96
6431,2025-05-08,C009,P008,4,420.97
6432,2025-05-24,C054,P017,5,1895.10
6433,2025-05-09,C055,P021,8,774.25
6434,2025-05-23,C029,P021,7,3816.38
6435,2025-05-16,C024,P001,3,112.91
6436,2025-05-22,C052,P009,4,1052.14
6437,2025-05-13,C016,P015,5,1609.84
6438,2025-05-08,C020,P001,5,1391.59
6439,2025-05-25,C047,P023,3,856.58
6440,2025-05-15,C046,P009,2,959.36
6441,2025-05-24,C015,P024,8,1812.90
6442,2025-05-12,C030,P001,1,379.57
6443,2025-05-26,C056,P024,2,500.90
6444,2025-05-06,C056,P023,4,635.47
6445,2025-05-18,C057,P014,3,442.58
6446,2025-05-26,C999,P009,4,2369.50
6447,2025-05-06,C059,P005,5,2951.10
6448,2025-05-02,C018,P018,1,150.53
6449,2025-05-18,C043,P004,3,1281.64
6450,2025-05-16,C039,P001,8,321.67
6451,2025-05-23,C019,P016,4,2277.92
6452,2025-05-17,C008,P010,2,868.98
6453,2025-05-27,C055,P023,3,136.08
6454,2025-05-21,C031,P004,4,2494.21
6455,2025-05-24,C038,P012,5,2254.11
6456,2025-05-16,C030,P004,3,814.36
6457,2025-05-28,C054,P017,2,687.45
6458,2025-05-02,C060,P013,3,212.46
6459,2025-05-17,C999,P009,1,553.64
6460,2025-05-03,C046,P001,4,729.31
6461,2025-05-02,C028,P008,1,499.32
6462,2025-05-05,C057,P010,2,1312.10
6463,2025-05-15,C027,P008,5,1405.87
6464,2025-05-12,C046,P020,3,1510.46
6465,2025-05-04,C021,P021,4,975.69
6466,2025-05-06,C050,P005,2,910.81
6467,2025-05-14,C011,P010,3,1067.27
6468,2025-05-07,C055,P008,6,2165.48
6469,2025-05-27,C041,P021,1,528.07
6470,2025-05-06,C031,P020,7,3654.32
6471,2025-05-20,C015,P019,2,795.43
6472,2025-05-28,C045,P008,8,1856.74
6473,2025-05-09,C035,P012,1,238.10
6474,2025-05-14,C036,P007,6,420.96
6475,2025-05-15,C054,P023,7,1781.02
6476,2025-05-19,C013,P013,2,565.60
6477,2025-05-16,C016,P014,7,3000.13
6478,2025-05-16,C004,P005,4,1703.34
6479,2025-05-22,C045,P008,1,623.23
6480,2025-05-05,C015,P018,7,4158.11
6481,2025-05-28,C037,P012,8,734.87
6482,2025-05-07,C045,P020,2,639.14
6483,2025-05-09,C058,P016,7,879.71
6484,2025-05-20,C999,P023,7,2853.42
6485,2025-05-07,C018,P023,8,4523.14
6486,2025-05-16,C056,P017,4,1820.96
6487,2025-05-05,C037,P011,2,645.32
6488,2025-05-03,C002,P002,2,983.04
6489,2025-05-17,C005,P017,1,489.63
6490,2025-05-14,C040,P010,7,2128.32
6491,2025-05-04,C057,P016,2,708.33
6492,2025-05-07,C042,P023,1,603.55
6493,2025-05-07,C022,P004,3,372.71
6494,2025-05-07,C017,P008,2,1151.64
6495,2025-05-15,C025,P016,3,1314.13
6496,2025-05-22,C041,P002,5,1395.91
6497,2025-05-07,C014,P002,6,1291.24
6498,2025-05-04,C038,P018,3,1634.44
6499,2025-05-24,C042,P004,4,1569.82
6500,2025-05-19,C021,P014,1,244.17
6501,2025-05-08,C040,P020,2,375.14
6502,2025-05-27,C058,P012,2,308.14
6503,2025-05-03,C038,P009,2,422.35
6504,2025-05-14,C012,P007,8,333.79
6505,2025-05-18,C059,P001,3,544.59
6506,2025-05-03,C010,P020,1,554.28
6507,2025-05-01,C053,P016,6,2717.27
6508,2025-05-17,C032,P013,1,394.13
6509,2025-05-10,C031,P020,7,3684.74
6510,2025-05-14,C049,P020,3,1277.00
6511,2025-05-10,C057,P019,2,1244.27
6512,2025-05-23,C026,P023,4,1594.16
6513,2025-05-16,C001,P013,3,758.76
6514,2025-05-04,C059,P001,6,3391.62
6515,2025-06-17,C058,P008,6,2899.37
6516,2025-06-07,C019,P022,6,1007.50
6517,2025-06-12,C999,P009,5,417.18
6518,2025-06-21,C002,P006,8,2306.35
6519,2025-06-21,C053,P023,7,954.79
6520,2025-06-22,C023,P018,1,291.25
6521,2025-06-05,C025,P020,8,5268.66
6522,2025-06-24,C999,P008,3,1137.83
6523,2025-06-01,C041,P021,7,746.63
6524,2025-06-11,C015,P018,1,217.12
6525,2025-06-17,C011,P021,5,1699.15
6526,2025-06-23,C009,P006,3,1942.15
6527,2025-06-13,C055,P004,8,2010.06
6528,2025-06-12,C056,P005,8,3154.77
6529,2025-06-21,C006,P012,7,3625.63
6530,2025-06-03,C059,P006,1,458.76
6531,2025-06-24,C040,P014,3,1694.35
6532,2025-06-14,C059,P021,2,511.41
6533,2025-06-16,C058,P023,4,1362.82
6534,2025-06-16,C012,P006,3,737.96
6535,2025-06-01,C009,P011,8,536.77
6536,2025-06-27,C037,P002,5,439.83
6537,2025-06-28,C024,P021,1,351.14
6538,2025-06-02,C015,P007,8,4645.61
6539,2025-06-08,C021,P024,7,1290.65
6540,2025-06-17,C055,P017,7,2460.88
6541,2025-06-05,C027,P015,2,1056.74
6542,2025-06-14,C003,P015,2,412.89
6543,2025-06-18,C014,P014,6,2047.07
6544,2025-06-14,C027,P004,6,3831.50
6545,2025-06-08,C045,P003,2,391.02
6546,2025-06-26,C051,P011,8,1753.26
6547,2025-06-25,C001,P017,7,2631.73
6548,2025-06-24,C014,P005,5,2413.55
6549,2025-06-25,C055,P024,2,79.07
6550,2025-06-12,C024,P008,8,3720.13
6551,2025-06-13,C026,P013,8,916.05
6552,2025-06-09,C004,P021,4,1463.21
6553,2025-06-15,C003,P018,7,3970.41
6554,2025-06-01,C001,P002,6,2782.52
6555,2025-06-23,C012,P020,5,1148.66
6556,2025-06-21,C051,P010,5,725.50
6557,2025-06-09,C036,P009,6,1019.88
6558,2025-06-03,C047,P014,8,4681.74
6559,2025-06-23,C001,P003,8,4521.10
6560,2025-06-06,C033,P012,1,643.86
6561,2025-06-23,C037,P004,1,647.07
6562,2025-06-27,C045,P023,1,554.25
6563,2025-06-04,C051,P008,3,1165.81
6564,2025-06-15,C036,P007,7,3805.89
6565,2025-06-17,C028,P022,2,840.56
6566,2025-06-24,C005,P014,2,1226.02
6567,2025-06-03,C015,P019,3,339.71
6568,2025-06-26,C010,P007,4,1273.26
6569,2025-06-12,C060,P009,4,1819.15
6570,2025-06-17,C007,P017,4,1617.31
6571,2025-06-11,C009,P016,2,585.16
6572,2025-06-14,C033,P014,2,1270.93
6573,2025-06-21,C041,P002,2,671.67
6574,2025-06-03,C035,P005,4,1250.01
6575,2025-06-20,C039,P020,7,2311.21
6576,2025-06-19,C040,P011,1,594.99
6577,2025-06-06,C021,P009,3,1021.24
6578,2025-06-24,C043,P016,2,236.24
6579,2025-06-05,C027,P001,4,820.59
6580,2025-06-09,C026,P002,6,1506.56
6581,2025-06-22,C045,P019,2,240.87
6582,2025-06-22,C999,P013,7,4350.47
6583,2025-06-19,C021,P022,6,1021.72
6584,2025-06-12,C013,P021,6,449.50
6585,2025-06-20,C034,P016,1,315.34
6586,2025-06-12,C004,P009,6,693.74
6587,2025-06-25,C007,P014,5,1892.57
6588,2025-06-09,C003,P021,1,392.55
6589,2025-06-22,C039,P005,4,646.23
6590,2025-06-02,C011,P015,2,772.44
6591,2025-06-11,C022,P006,4,1385.98
6592,2025-06-15,C001,P002,4,1539.86
6593,2025-06-26,C012,P012,5,800.88
6594,2025-06-27,C037,P007,5,2314.52
